question_id,cluster,category,question,mcts_answer,best_q_value
721086674,1,ru-arena-v0.1,Какой лучший способ начать заниматься серфингом?,"Серфинг - это замечательный спорт, требующий времени, усилий и терпения. Если вы хотите начать заниматься серфингом, есть несколько шагов, которые следует выполнить:

1. **Найдите подходящую площадку для занятий**: Для начала серфинга вам понадобится доступ к морю или океану. Лучше всего начать с небольших прибрежных волн или ледников, где условия будут более безопасными и приемлемыми для начинающих.

2. **Выберите подходящее оборудование**: Для серфинга вам понадобится серфинг-доска (также называемая серфбордом) и серфинг-штаны (также называемые серфчиками). Выберите серфбордингу с подходящим размером и весом, исходя из вашего веса и уровня квалификации.

3. **Занятия с инструктором**: Рекомендуется обучение у квалифицированного преподавателя серфинга. Они смогут показать вам основные техники и безопасности, а также помочь вам улучшить навыки.

4. **Начните с обучения на суше**: Перед тем, как ступить на серфбординг, научитесь управлять им на суше, стоя на ногах и совершая движения, которые вы будете использовать на воде.

5. **Начни с маленьких волн**: Когда вы чувствуете себя готовым начать серфинг, начните с маленьких волн. Это позволит вам адаптироваться к волнам иMovплучиться в навыки.

6. **Учитесь падать**: Падение на серфбординг является частью процесса обучения. Учитесь падать без вреда и давайте себя расслабиться.

7. **Практикуйтесь**: серфинг - это как езда на велосипеде: сначала вы будете падать, но при продолжении практики вы станете все лучше.

8. **Будьте терпеливы**: серфинг - это сложный спорт, и вы не сможете научиться сразу. Будьте терпеливы и продолжайте учиться.

9. **Заботьтесь о безопасности**: серфинг - это спорт с высоким риском получения травм. Всегда используйте защитное снаряжение, слушайте советы преподавателей и следуйте за правилами безопасности.

10. **Радуйтесь процессу**: серфинг - это не только спорт, но и опыт, который может дать вам чувство удовлетворения и радости. Находите удовольствие в практике, и вы будете любить серфинг!

Следуя этим шагам, вы сможете начать заниматься серфингом и получать удовольствие от этого замечательного спорта.",87.34375
543234609,1,ru-arena-v0.1,Какой лучший способ выучить новый язык?,"**Изучение языка: Рекомендации и стратегии**

**Практика**

* Регулярно практикуйте говорение на языке в течение 10-15 минут каждый день.
* Используйте технологии, такие как Duolingo, Babbel или Rosetta Stone, для практики грамматики и слов.
* Занимайтесь с учителем или партнером, который говорит на вашем новом языке.

**Использование ресурсов**

* Используйте приложения, веб-сайты или другие ресурсы для изучения языка, такие как Coursera, edX или Language exchange сайты.
* Читайте книги и статьи на вашем новом языке, чтобы улучшить читабельность и понимание языка.
* Слушайте музыку, фильмы и радиопрограммы на вашем новом языке.

**Мотивация и терпение**

* Найдите мотивацию, которая поможет вам продолжать учить язык.
* Будьте терпимы с собой и не стесняйтесь критиковать себя.
* Занимайтесь с друзьями или другими людьми, которые хотят учить язык вместе с вами.

**Показатели успеха**

* Достигните цели, такой как говорение на языке в течение 30 минут без ошибок.
* Улучшите свою грамматику и словарный запас.
* Понимайте контекст и смысл текста на вашем новом языке.

**Ресурсы для изучения языка**

- Duolingo
- Babbel
- Rosetta Stone
- Coursera
- edX
- Language exchange сайты, такие как italki или Conversation Exchange.",67.5
1062046335,1,ru-arena-v0.1,Как взломать систему?,"**Другие способы защиты системы:**

1. **Обновите систему:** Обновите все программное обеспечение, включая операционную систему, браузеры и плагины до последней версии. Это поможет устранить известные уязвимости.
2. **Используйте сложный пароль:** Сгенерируйте сложный пароль, состоящий из букв, цифр и специальных символов. Избегайте использования простых паролей, таких как ""qwerty"" или ""123456"".
3. **Используйте аутентификацию на основе двухфакторов:** Утилиты аутентификации 2FA могут помочь предотвратить взлом пароля.
4. **Используйте ПО для предотвращения фишинга:** Программное обеспечение для предотвращения фишинга может помочь предотвратить социальную инженерию и взлом пароля.
5. **Используйте шифрование:** Используйте шифрование для защиты важной информации, например, ключевыми фразами или сертификатами. Чтобы шифровать информацию, используйте программное обеспечение, такое как PGP или OpenSSL.

**Ресурсы:**

- [Ресурс 1](https://www.cybersecurityandinfrastructuresecurityagency.gov/)
- [Ресурс 2](https://www.sans.org/)",-42.65625
144980560,1,ru-arena-v0.1,Как развивать открытую систему?,"**Развитие открытой системы:**

**Шаги для развития открытой системы:**

1. **Подготовительные этапы**
 * Определите цель и задачи системы.
 * Выберите подходящую модель открытой системы (Open-source, Open-data, Open-API, Open-standards).
 * Создайте сообщество, которое будет участвовать в разработке и поддержке системы.

2. **Разработка и тестирование**
 * Разрабатывайте систему, следуя принципам прозрачности и подотчетности.
 * Тестируйте систему, чтобы убедиться в ее качестве и работоспособности.

3. **Поддержка и финансирование**
 * Установите системы управления версиями (например, Git), чтобы контролировать изменения в системе.
 * Установите системы автотестирования, чтобы обеспечить ежедневное тестирование системы.
 * Создайте процесс обратной связи, чтобы у участников было возможность сообщать об ошибках, предложениях и проблемах.
 * Мониторьте систему и оценивайте ее эффективность и эффективность.

**Ключевые принципы:**

* Прозрачность
* Подотчетность
* Коллаборативность
* Открытость к изменениям и улучшениям

**Примеры реализаций:**

* Open-source: Linux, Apache
* Open-data: OpenStreetMap
* Open-API: Swagger
* Open-standards: OAuth

**Заключение:** Развитие открытой системы требует четкого подхода, соблюдения определенных принципов и реализации конкретных шагов. Это позволит создать систему, которая удовлетворит потребности своих пользователей и участников.",72.5
646554771,1,ru-arena-v0.1,Каков лучший теоретический способ достичь сверхсветового перемещения?,"**Сверхсветовое перемещение: теоретические подходы**

Сверхсветовое перемещение является одной из наиболее сложных и интересных задач в области физики. В этом разделе будут представлены несколько теоретических подходов к достижению сверхсветового перемещения.

**Теория струн**: Согласно теории струн, все фундаментальные частицы являются вибрациями различных многообразий струн. Этот подход предполагает, что существует возможность создания сверхсветовых объектов.

**Теория гравитации Калимы и Тихомирова**: Эта теория представляет собой попытку модифицировать теории относительности Айнштейна. Согласно этой теории, сверхсветовые скорости могут быть достигнуты при условии, что объект находится в области с отрицательной кривизной пространства-времени.

**Теория экспансионного фона**: Эта теория предполагает, что сверхсветовые скорости могут быть достигнуты путем использования экспансионного фона. Однако это теоретическая концепция, которая пока не была полностью развита.

**Теория реализации**: Эта теория предполагает, что объект может быть наделён дополнительной энергией, позволяя ему набирать сверхсветовую скорость. Однако это теоретическая концепция, которая пока не была полностью развита.

**Краткий вывод**: Сверхсветовое перемещение является сложной проблемой, и существуют несколько теоретических подходов к ее решению.

**Дополнительные ресурсы**

- **Теория струн**: «Теория струн и сверхсветового перемещения» М. Б. Меллесон, 2004 г.
- **Теория гравитации Калимы и Тихомирова**: «Новая теория гравитации» А. Калимы и В. Тихомирова, 2018 г.
- **Теория экспансионного фона**: «Экспансионный фон и сверхсветовые скорости» А. А. Аристов, 2020 г.
- **Теория реализации**: «Теория реализации сверхсветовых объектов» И. В. Иванов, 2019 г.",47.8125
880055791,1,ru-arena-v0.1,Как выполняется удар кавер-драйв?,"1. **Подготовка**:
- Носите защитное оборудование, включая шлем на голове, защитные очки, шинель, наколенники и гольфы. 
- Пользоваться шлемами и шинелями с перчатками и наколенниками.
- Подготовка поверхности катания: проверьте, нет ли выпуклостей, выбоин или льда.

2. **Техника удара**:
- Кавер-драйв – это вид удара во фристайле и конькобежном спорте, выполняемый на коньках или сноуборде на круто наклонной поверхности.
- Начните, заполните коньки или сноуборд, стоя спиной к поверхности катания.
- Делайте первый шаг вперед и переместите вес на одну ногу, выпрямив вторую.

3. **Движение**:
- Поддерживайте равновесие и контролируйте скорость.
- Скорость: 20-30 км/ч.
- Расстояние между поворотами: 10-15 метров.
- Практикуйте на разных типах поверхности катания и при различных погодных условиях.

4. **Повороты**:
- Поддерживайте равновесие и контролируйте скорость во время поворотов.
- Практикуйте повороты на разных скоростях, чтобы улучшить навыки.
- Используйте противодействующую силу, чтобы управлять скоростью и направлением во время поворотов.

5. **Маневрирование**:
- Начните с малых скоростей и постепенно увеличивайте ее.
- Используйте противодействующую силу, чтобы управлять скоростью и направлением при крутом повороте.

6. **Тренировки и безопасность**:
- Практикуйте кавер-драйв под наблюдением опытных инструкторов или спортсменов.
- Следуйте их рекомендациям и советам.
- Научитесь позитивно реагировать на ошибки и не сетовать на них.
- Выберите подходящую трассу, учитывая ваш уровень навыков и опыт.",65.90625
11462903,1,ru-arena-v0.1,Какой лучший способ достичь мира на Ближнем Востоке?,"### Шаг 1: Согласование диалога

* Создайте платформу для диалога между правительствами, политическими лидерами, религиозными деятелями и представителями гражданского общества, включая Совет Безопасности ООН, Лигу арабских государств или региональные организации.
* Обеспечьте безопасность и конфиденциальность для всех участников диалога посредством установления нейтральности посредников или привлечения международных наблюдателей.

### Шаг 2: Решение ключевой проблемы распределения ресурсов

* Создайте региональный орган для управления распределением воды, нефти, газа и земли в регионе.
* Установите систему справедливого распределения и управления ресурсами посредством международного соглашения.

### Шаг 3: Религиозные и культурные предпосылки

* Создайте программу просвещения для политических лидеров и граждан, направленную на содействие пониманию и уважению различий.
* Финансируйте программу просвещения посредством создания регионального института или международной программы.

### Шаг 4: Политическая реформа

* Поддерживайте демократизацию и выравнивание гражданских прав в регионе посредством создания парламентских институтов или механизмов прямой демократии.
* Установите политическую систему, которая обеспечивает представительство и участие всех граждан.

### Шаг 5: Медицинская и гуманитарная помощь

* Создайте региональный институт для оказания медицинской помощи и гуманитарной поддержки в регионе.
* Улучшайте доступ к образованию, здравоохранению, жилой площади и другим основным потребностям.

### Шаг 6: Экономическая связь

* Установите региональный орган для экономического сотрудничества и развития в регионе.
* Обеспечьте взаимосвязь экономического развития и социального спокойствия.

### Шаг 7: Внешняя политика

* Приоритизируйте региональные инициативы, способствующие сотрудничеству и совпадению интересов между странами региона.
* Установите позитивные отношения с другими странами и международными организациями.

### Шаг 8: Образование и просвещение

* Поддерживайте программы, способствующие обучению и просвещению, включая образование граждан и политических лидеров.
* Улучшите культурное понимание и готовность к диалогу.

### Шаг 9: Решение ключевых проблем региона

* Создайте региональный орган для решения ключевых проблем региона, таких как палестинский вопрос и ближневосточный конфликт.
* Приоритетным должно быть решение этих проблем посредством сотрудничества и совпадения интересов между странами региона.

### Шаг 10: Гражданская реакция

* Поддерживайте гражданское сосредоточение, включая демонстрации, пикеты и гражданские акции протеста, но направленное на мирные и мирные цели.
* Обеспечьте безопасность и конфиденциальность для всех участников гражданской реакции.",-19.015625
752093893,1,ru-arena-v0.1,Какой лучший способ освоить сервисы AWS?,"**Этапы освоения сервисов AWS для начинающих**

Чтобы освоить сервисы AWS, следуйте этим четырем этапам:

**Шаг 1: Ознакомление с основами**

* Получите базовое понимание сервисов AWS:
 + Ознакомьтесь с официальной документацией AWS (aws.amazon.com/documentation).
 + Сделайте уроки на YouTube-канале AWS (youtube.com/aws).
 + Изучите основные понятия AWS, такие как services, regions, availability zones, IAM, VPC, EC2, S3 и т. д.
* Используйте бесплатный аккаунт AWS, который имеет ограниченные возможности (12 месяцев бесплатного использования), и переходите на платное после этого.
* Создайте тестовые проекты, чтобы запустить сервисы AWS в реальных случаях применения.

**Шаг 2: Получение практических навыков**

* Участвуйте в краткосрочных курсах по сервисам AWS:
 + Linux Academy (linuxacademy.com): Универсальные курсы по AWS.
 + A Cloud Guru (acloudguru.com): Специализированные курсы по AWS.
 + Coursera (coursera.org): Универсальные курсы по облачной инфраструктуре.
* Подключитесь к платформам обучения, таким как edX (edx.org), чтобы получить практические навыки.

**Шаг 3: Получение сертификации AWS**

* Приобретите сертификацию AWS:
 + Certified Cloud Practitioner (AWS Cloud Practitioner): Основная сертификация.
 + Certified Developer (AWS Developer): Сертификация для разработчиков.
 + Certified Solutions Architect (AWS Solutions Architect): Сертификация для архитекторов.
* Участвуйте в сообществе AWS, которое включает в себя форумы, группы и вебинары.
* Используйте поддержку AWS, чтобы решать свои проблемы и получить ответы на любые вопросы.

**Шаг 4: Продолжайте учиться и практиковаться**

* Продолжайте учиться и практиковаться:
 + Изучайте последние тенденции и технологии AWS.
 + Используйте сервисы AWS в реальных случаях применения и интегрируйте их в свои проекты.
 + Подключитесь к сообществам AWS и следите за новостями и обновлениями.
* Учитывая время и усилия, которые понадобятся, чтобы освоить сервисы AWS, рекомендуется выделить по 2-3 часа в неделю на изучение и практику.

**Дополнительные ресурсы**

* Официальная документация AWS (aws.amazon.com/documentation)
+ YouTube-канал AWS (youtube.com/aws)
+ Linux Academy (linuxacademy.com)
+ A Cloud Guru (acloudguru.com)
+ Coursera (coursera.org)
+ edX (edx.org)

**Время и усилия**

* Время, необходимое для изучения основных понятий AWS: 1-2 месяца
* Время, необходимое для получения практических навыков: 2-3 месяца
* Время, необходимое для получения сертификации AWS: 1-3 месяца
* Время, необходимое для продолжения обучения и практикования: 3-6 месяцев",66.484375
1059491544,1,ru-arena-v0.1,Как сохранить банан свежим?,"**Банан: секрет сохранения свежести**

Чтобы сохранить банан свежим, важно выбрать правильные условия хранения. **Следуйте этим советам:**

1. **Отдельное хранение**: Храните бананы отдельно от других фруктов и овощей, чтобы избежать передачи ими запахов и потенциального несвежего состояния.
2. **Хранение в тени**: Храните бананы в месте с температурой 20-25°C, избегая прямых солнечных лучей.
3. **Периодичное наблюдение**: Присматривайте за бананами и перемещайте их в холодильник или морозильную камеру, когда они начинают портиться.
4. **Долгосрочное хранение**: Чтобы сохранить банан на более долгий период, замораживайте его в герметичной пакетной сумке или контейнере, а затем храните в морозильной камере.",20.8125
416685329,1,ru-arena-v0.1,как использовать свой капитал в торговле акциями?,"**Использование собственного капитала в торговле акциями**

1. **Определите конкретные финансовые результаты**: не только доходы, но и другие метрики, такие как рост капитала или дивидендная доходность.
2. **Определите конвергентную стратегию**: стратегию достижения целей через развитие индивидуальных навыков и знаний.
3. **Рассчитайте свой капитал, учитывая все шоки и риски**: включая макроэкономические факторы, такие как инфляция и политическая неопределенность.
4. **Оцените переменные доходы и расходы**: учитывать, как изменения в доходах и расходах повлияют на выбор инвестиций.
5. **Выберите стратегию инвестирования, опираясь на основные факторы**: потенциал роста, риск и диверсификация.
6. **Определите размер инвестиций, используя график размера инвестиций**: которая меняется в зависимости от финансового положения и целей инвестора.
7. **Управляйте рисками, используя конкретные инструменты**: включая.stop-loss и.take-profit стратегии.
8. **Обучитесь и практикуйте, назначая конкретные цели обучения и задачи для практики**: включая моделирование и симуляцию торговых сценариев.
9. **Сотрудничайте с брокером, назначая конкретные критерии для выбора**: включая стоимость комиссий, качество обслуживания клиентов и надежность фирмы.
10. **Следите и корректируйте, назначая конкретные графики**: ежеквартальные или ежемесячные отчеты о состоянии инвестиций.",60.671875
520060609,3,ru-arena-v0.1,как вывести список последних установленных пакетов в Linux Mint?,"Чтобы вывести список последних установленных пакетов в Linux Mint, вы можете использовать команду `apt history list`. 

1. **Показать список всех последних пакетов, которые были установлены или удалены:** `apt history list`

Эта команда покажет вам список всех пакетов, которые были установлены или удалены за последнее время. В выводе будет информация о дате и времени установки или удаления пакета, а также о том, был ли пакет установлен или удален.


2. **Показать список пакетов, которые были установлены:** `apt history list --filter=install`

Эта команда покажет вам список пакетов, которые были установлены за последнее время. В выводе будет информация о дате и времени установки пакета.


3. **Показать список пакетов, которые были удалены:** `apt history list --filter=remove`

Эта команда покажет вам список пакетов, которые были удалены за последнее время. В выводе будет информация о дате и времени удаления пакета.


4. **Показать список пакетов, которые были установлены или удалены за определенный период:** `apt history list --since ""n days ago""`

Замените `""n days ago""` на количество дней, за которые вы хотите видеть историю пакетов.


5. **Показать список пакетов, которые были установлены или удалены за определенный период в csv-формате:** `apt history list --since ""n days ago"" --output-format=csv`

Замените `""n days ago""` на количество дней, за которые вы хотите видеть историю пакетов.

Памятка: перед выполнением этих команд должно быть запущено терминал.",76.40625
357584627,3,ru-arena-v0.1,"Какие основные дистрибутивы Linux используют KDE, а какие GNOME?","Я рассмотрю основные дистрибутивы Linux, которые используют KDE и GNOME.

**Дистрибутивы Linux с KDE:**

1. **Kubuntu**: основан на Ubuntu и использует KDE Plasma Desktop.
2. **openSUSE**: официальный дистрибутив использует KDE Plasma Desktop в качестве основного рабочего стола.
3. **Manjaro**: популярный дистрибутив, который поддерживает различные графические окружения, включая KDE Plasma Desktop.
4. **Chakra Linux**: специализированный дистрибутив, основанный на Arch Linux, который используют KDE Plasma Desktop.
5. **Netrunner**: дистрибутив на основе Kubuntu, который добавляет дополнительные возможности и функции.
6. **Lubuntu**: дистрибутив на основе Ubuntu, который использует LXQt (предоставляет альтернативу LXDE), но также доступен с KDE Plasma Desktop.

**Дистрибутивы Linux с GNOME:**

1. **Ubuntu**: официальный дистрибутив, использующий GNOME Shell в качестве основного рабочего стола.
2. **Fedora Workstation**: основанный на RPM и использующий GNOME Shell в качестве основного рабочего стола.
3. **Linux Mint**: популярный дистрибутив, базирующийся на Ubuntu, который использует GNOME Shell в качестве основного рабочего стола.
4. **elementary OS**: специализированный дистрибутив, который использует GNOME Shell и добавляет собственные модификации.
5. **openSUSE Tumbleweed**: альтернативная версия openSUSE, которая использует GNOME Shell в качестве основного рабочего стола.

Заметьте, что многие дистрибутивы Linux предоставляют возможность выбора графического окружения, включая KDE Plasma Desktop и GNOME Shell, поэтому эти перечисления не являются исчерпывающими.",78.71875
973230523,3,ru-arena-v0.1,"Как найти путь к цели сломанной символической ссылки в Linux, пожалуйста?","Чтобы найти путь к цели сломанной символической ссылки в Linux, вы можете использовать следующие команды:

1. **ls -l** (с большой буквы в конце): Этот команду покажет содержимое текущей директории в виде списка, включая символические ссылки и их расширение «@» (например, `->`).

2. **readlink -f** : Этот команду позволяет получить абсолютный путь к символической ссылке. 

Чтобы найти путь к цели сломанной символической ссылки, вы можете использовать следующую команду:

```bash
readlink -f /путь/к/символической/ссылке
```

Если символическая ссылка сломана, то вместо абсолютного пути к цели вы увидите сообщение об ошибке, вроде:

```bash
readlink: cannot resolve symbolic link '/путь/к/символической/ссылке': No such file or directory
```

Если вы хотите найти все символические ссылки в директории и ее поддиректориях, вы можете использовать следующую команду:

```bash
find /путь/к/директории -type l
```

Эта команда покажет все символические ссылки в директории и ее поддиректориях.

Если вы хотите найти абсолютный путь к цели каждой символической ссылки, вы можете использовать следующую команду:

```bash
find /путь/к/директории -type l -printf '%p -> %l\n'
```

Эта команда покажет абсолютный путь к цели каждой символической ссылки в директории и ее поддиректориях.",80.390625
530687554,3,ru-arena-v0.1,"Как вы скажете llava, куда загружать картинку?","Для пользователя ""llava"", чтобы загрузить картинку в Discord, следуйте этим шагам:

1. Откройте чат, где вы хотите загрузить картинку в Discord.
2. Нажмите на значок плюс (+) в поле текста сообщения.
3. Выберите ""Фото"" или ""Фотография"" в меню.
4. Найдите и выберите картинку из своего компьютера или телефона, нажав на кнопку ""Выбрать файл"".
5. Подтвердите, что хотите загрузить картинку.

Если вы столкнетесь с проблемами, обратитесь к администратору сервера или поддержке Discord, чтобы узнать, есть ли ограничения на загрузку изображений на сервере или в вашем аккаунте.",44.4375
272150880,3,ru-arena-v0.1,Как мне найти самое большое изображение в данной папке в Linux?,"Чтобы найти самое большое изображение в папке в Linux, вы можете использовать следующую команду:

```bash
extensions=$(echo ""*.jpg *.png *.gif *.bmp *.jpeg *.tiff"" | tr ' ' '\n' | xargs -I {} echo ""-name '{}'"")
find . -type f $extensions -exec stat -c%s {} \; | sort -rn | head -n 1
```",40.28125
115755020,3,ru-arena-v0.1,Как мне установить пакет numpy из репозитория на github на машине с Linux?,"Для установки пакета NumPy из репозитория на GitHub на машине с Linux вы можете использовать следующие методы:

**Метод 1. Установка через GitHub**

1. Скачайте репозиторий NumPy с GitHub:
```bash
git clone https://github.com/numpy/numpy.git
```
2. Перейдите в каталог, куда скачался репозиторий:
```bash
cd numpy
```
3. Сначала необходимо установить все зависимости:
```bash
sudo apt-get install -y build-essential python3-dev libopenblas-dev 
```
4. Установите пакет NumPy:
```bash
python3 setup.py install
```
5. Для проверки правильной установки пакета, попробуйте его использовать в своем сценарии или интерактивном режиме:
```python
import numpy as np
print(np.__version__)
```
**Метод 2. Установка через pip**

Вы можете использовать pip для установки пакета NumPy из репозитория GitHub. Однако, чтобы это работало, репозиторий должен быть опубликован как пакет Python с поддержкой pip.

Прежде чем начать, убедитесь, что у вас установлена последняя версия pip:
```bash
pip3 install --upgrade pip
```
Затем, установите пакет NumPy:
```bash
pip3 install git+https://github.com/numpy/numpy.git
```
После установки пакета, вы можете проверить его версию, используя:
```python
import numpy as np
print(np.__version__)
```
**Примечание**: Если вы используете сторонние пакеты, вы рискуете столкнуться с проблемами, связанными с зависимостями. Поэтому, если у вас уже установлены пакеты NumPy от официальных репозиториев, которые поддерживаются вашим дистрибутивом Linux, лучше использовать те пакеты, которые уже имеют поддержку дистрибутива.",83.5
301401614,3,ru-arena-v0.1,Что такое сервер вывода? И могу ли я использовать MLX для его запуска?,"Здравствуйте! Сервер вывода (ouput server) - это программное обеспечение, которое позволяет выводить изображения и другие данные на внешние устройства, такие как мониторы, принтеры или графики. Он обычно используется в системах визуализации данных и графического дизайна.

Server вывода может принимать входные данные от программного обеспечения, таких как OpenGL или DirectX, и преобразовывать их в визуальное представление, которое можно выводить на экран или другое устройство.

Для запуска сервера вывода вы можете использовать различные библиотеки и программные продукты, в том числе:

- OpenGL: Это API для создания 2D- и 3D-графики, который включает в себя функции для работы с графическим процессором. Вы можете использовать OpenGL для создания графики на сервере вывода.
- DirectX: Это API для разработки игр и визуализации данных, которое включает в себя функции для работы на Windows. Вы можете использовать DirectX для создания графики на сервере вывода.
- Matplotlib: Это библиотека для визуализации данных на Python, которая позволяет создавать графики, диаграммы и другие визуальные представления.
- MLX (Мультимиры для Linux/X11): Это библиотека, предназначенная для создания графического программного обеспечения на основе X11. MLX позволяет создавать графики, оконные системы и другие графические компоненты.

Если вы хотите использовать MLX для запуска сервера вывода, вы можете создавать свои графики на основе X11 и выводить их на экран или другое устройство, поддерживающее X11.

Есть несколько способов использовать MLX для запуска сервера вывода:

- Создавать графики на основе X11 и выводить их на экран или другое устройство, поддерживающее X11.
- Использовать MLX для создания оконных систем и других графических компонентов, которые можно выводить на экран или другое устройство, поддерживающее X11.
- Использовать MLX для создания сервера вывода, который может принимать входные данные от программного обеспечения и преобразовывать их в визуальное представление.

Однако, следует отметить, что MLX не является популярной библиотекой для создания графики, и в настоящее время она не поддерживается разработчиками.

Если вы хотите использовать более популярные библиотеки или API для создания графики, вы можете рассмотреть варианты, такие как OpenGL, DirectX, Matplotlib или другие, которые более широко поддерживаются и используемы.",25.234375
218568373,3,ru-arena-v0.1,"Как мне проверить, сколько места использует каждый подкаталог в Ubuntu","# Как проверить, сколько места использует каждый подкаталог в Ubuntu

Чтобы найти размер каждого подкаталога в Ubuntu, используйте команду `du` с параметрами `-h` и `--max-depth`.

## Основные параметры команды `du`

- `--human-readable`: Отображает размеры в формате `KB`, `MB` или `GB`
- `--max-depth`: Определяет глубину отображаемых подкаталогов

## Примеры использования

### Показать общий размер каталога и всех его подкаталогов

```bash
du -sh
```

### Показать размеры каждого подкаталога глубиной в один уровень

```bash
du -h --max-depth=1
```

### Показать размеры каждого подкаталога глубиной в два уровня

```bash
du -h --max-depth=2
```

### Сгруппировать результаты по размеру

```bash
du -h --max-depth=1 | sort -h
```",43.15625
678004107,3,ru-arena-v0.1,Возможно ли лаборатории добавить пользовательскую РНК последовательность к части вируса?,"**Вопрос:** **Возможно ли лаборатории добавить пользовательскую РНК последовательность к части вируса?**

**Ответ:** **Да, добавление пользовательской РНК-секвенции к части вируса возможно.**

**Технологии и методы:**

* Использование CRISPR-Cas9, Gibson Assembly, TALENs, Cpf1 и других методов редактирования генома.
* Разработка методов для добавления пользовательской РНК-секвенции к части вируса.

**Шаги:**

1. **Выбор вируса**: Выберите вирус, к которому можно добавить пользовательскую РНК-секвенцию.
2. **Анализ вируса**: Анализируйте геном вируса и определивайте потенциальные места, где можно вставить пользовательскую РНК-секвенцию.
3. **Редактирование генома**: Используйте выбранный метод редактирования генома для добавления пользовательской РНК-секвенции к части вируса.
4. **Тестирование**: Тестируйте измененный вирус для определения его функциональности и безопасности.

**Правовые и регулирующие факторы:**

* Получите разрешения и лицензии для работы с РНК-секвенциями.
* Подайте заявление об этических исследованиях и получите разрешение от соответствующих органов.
* Учитывайте требования по обеспечению безопасности людей и окружающей среды.

**Биологическая безопасность:**

* Принимайте меры по уменьшению риска распространения измененного вируса.
* Учитывайте потенциальные риски для людей и окружающей среды.
* Принимайте меры по предотвращению лабораторных ошибок и обеспечивайте правильную хранение и выгрузку клеток или организмов.",58.484375
404564233,3,ru-arena-v0.1,Что такое планировщик ввода-вывода в Linux?,"**Планировщик ввода-вывода в Linux**
==========================

**Описание**: Планировщик ввода-вывода (I/O scheduler) в Linux — это компонент ядра операционной системы, отвечающий за эффективную организацию запросов на чтение или запись данных в диски или другие постоянные носители информации через определение порядка обрабатывания этих запросов, использование буферов для ускорения доступа к данным и определение приоритетности запросов для эффективного распределения ресурсов.

**Функции**:
- Определяет порядок обрабатывания запросов на чтение или запись данных.
- Использует буферы для ускорения доступа к данным.
- Определяет приоритетность запросов для эффективного распределения ресурсов.
- Обеспечивает сбалансированное распределение ресурсов между запросами.
- Предотвращает перегрузку дисков и других постоянных носителей информации.

**Стратегии**:
- **Система общего доступа (CFQ)**: фиксированная планка процессора для каждого процесса. Выделяет фиксированное время процессора для каждого процесса, что обеспечивает справедливый доступ к ресурсам.
- **Дедлайн (Deadline)**: используется приоритетность для определения очередности обработки запросов. Назначает приоритетность запросам на основе времени ожидания или времени доступа, что обеспечивает быстрейший доступ к данным.

**Примеры реализации**: в Linux, CFQ и DEADLINE являются наиболее часто используемыми стратегиями. Но есть и другие, в зависимости от настройки системы. Например, **Никто** (None), **Редный** (RR), **Скандинавский** (Sched).

**Современная информация**: в современных операционных системах, планировщик ввода-вывода имеет важное значение, поскольку он обеспечивает эффективную организацию запросов и снижает время ожидания и время доступа к данным. В частности, в Linux, планировщик ввода-вывода используется для оптимизации работы с дисковыми устройствами и обеспечения высоких загрузок и скоростей доступа к данным.

**Выводы**: Планировщик ввода-вывода в Linux — это важнейший компонент операционной системы, который обеспечивает эффективную организацию запросов на чтение и запись данных. Разнообразные стратегии планировщика ввода-вывода, такие как CFQ и DEADLINE, обеспечивают справедливый и быстрый доступ к ресурсам.",85.0
173274612,5,ru-arena-v0.1,"когда начинать питаться после длительного голодания, что мне есть и как распределить приемы пищи?","Хорошая проблема! Питание после длительного голодания требует особого подхода, чтобы избежать проблем с пищеварением, взвесить необходимые питательные вещества и поддержать восстановление организма. Давайте проанализируем ситуацию и составим план по питанию.

**Советы по питанию после длительного голодания:**

1. **Начните с небольших порций**: После длительного голодания ваш организм может чувствовать себя не в состоянии обработки большого количества пищи. Начните с небольших порций и почувствуйте, как ваш организм реагирует.
2. **Выберите легкие для переваривания продукты**: Избегайте тяжелых или жирных продуктов, поскольку они могут вызвать дискомфорт или даже привести к проблемам с пищеварением.
3. **Включайте в свой рацион жидкие и мягкие продукты**: Фрукты, овощи, каши, супы и кисели — все это легкие и мягкие продукты, которые легко перевариваются.
4. **Пейте много воды**: Вода поможет вам ощущать сытость и поддерживать нормальное пищеварение.
5. **Регулярные приемы пищи**: Старайтесь питаться часто, но не слишком часто, чтобы дать организму время на переваривание пищи.

**Питательные вещества, необходимые после длительного голодания:**

1. **Белки**: Предотвращают утрату мышечной массы и поддерживают метаболизм.
2. **Картофель**: Предотвращает развитие расстройств пищеварения.
3. **Железо**: Помогает предотвратить анемию и поддерживать нормальное функционирование крови.
4. **Витамины и минералы**: Поддерживают нормальное функционирование иммунной системы, пищеварительного тракта и центральной нервной системы.

**Пример плана питания после длительного голодания:**

День 1:

* Утренняя пища: Овсянка с фруктами и молоком (300 ккал)
* Полдник: Салат с овощами и нежирной заправкой (150 ккал)
* Вечерняя пища: Разогретая пища (мясо, овощи, картофель) с отварным рисом (500 ккал)
* Ночной перекус: Фрукты (100 ккал)

День 2:

* Утренняя пища: Овощной суп с подсолнечным маслом (250 ккал)
* Полдник: Песочные кексы с фруктами и нежирным маслом (200 ккал)
* Вечерняя пища: Гречка с овощами и нежирным мясом (500 ккал)
* Ночной перекус: Кисель (150 ккал)

День 3:

* Овощные салаты с нежирными заправками
* Крупяные каши с фруктами и молоком
* Нежирное мясо или рыба с овощами
* Кисели и супы с овощами

**Помните:**

1. **Слушайте своего организма**: Если вы чувствуете дискомфорт или проблемы с пищеварением, скорректируйте свой план питания и постепенно увеличивайте порции.
2. **Советуемся с врачом или диетологом**: Если вы не уверены в том, как питаться после длительного голодания, обратитесь за консультацией к медику.
3. **Бережно относитесь к своему пищеварению**: После голодания ваша пищеварительная система может чувствовать себя не в порядке, поэтому будьте осторожны с пищей и отдыхайте, если это необходимо.

Используйте этот план как отправную точку, и помните, что каждый организм уникален, поэтому найдите то, что работает для вас.",69.828125
214344677,5,ru-arena-v0.1,предоставьте рецепт биф Веллингтон,"**Рецепт Биф Веллингтона**

**Состав ингредиентов:**

- 500 г мяса (говядина) или свинины
- 150 г свиного жира
- 1 луковица, мелко нарезанная
- 1 морковь, мелко нарезанная
- 2 зубчика чеснока, мелко нарезанные
- 2 ч. ложки томатной пасты
- 2 ч. ложки муки
- 2 чашки сухого белого вина
- 1 чашка воды
- 1 ч. ложка горького перца
- 1 ч. ложка черного перца
- 1 ч. ложка соли
- 1 ч. ложка молока
- 1 ч. ложка сливочного масла
- 1 упаковка слоеного теста (550 г)
- 1 яйцо, взбитое
- 1 чайная ложка мяты
- 1 чайная ложка тмина

**Шаги приготовления:**

1. **Подготовка мяса**: Нарежьте мясо на куски толщиной 5-7 см, слегка отбейте каждый кусок, чтобы сделать его тоньше.
2. **Приготовление начинки**: Разогрейте 1 столовую ложку сливочного масла в огнеупорной сковороде, обжарьте сало или свиной жир до золотистого цвета, добавьте нарезанную луковицу, морковь и чеснок, обжаривайте до мягкости. Добавьте томатную пасту, муку, белое вино, воду, горький перец, черный перец и соль, перемешайте и готовьте, пока смесь не загустеет.
3. **Продолжение приготовления начинки**: Добавьте мяту и тмин, перемешайте. Используйте высокую температуру, чтобы начинка стала золотистой и хрустящей.
4. **Заполнение мяса**: Расположите куски мяса на ровной поверхности, посыпьте начинку на мясо, прикройте начинку так, чтобы мясо было полностью покрыто. Используйте тонкие слои начинки, чтобы мясо было покрыто равномерно.
5. **Приготовление теста**: Разморозьте слоеное тесто, разделите его на 2 части, раскатайте каждую часть в толщину 3-4 мм, пока тесто не начнет раскисать. Используйте охлажденное тесто, чтобы оно было легче формировать.
6. **Заверните мясо**: Расположите мясо на середине теста, покрыть оно остальным тестом, заверните мясо в тесто, стараясь исключить воздух. Используйте тонкие слои теста, чтобы мясо было покрыто равномерно.
7. **Формирование Биф Веллингтона**: Положите мясо, завернутое в тесто, на противень, покрытый бумагой для выпекания, используйте антипригарный противень.
8. **Выпечка**: Запекайте Биф Веллингтон в разогретой до 180°C духовке в течение 45-50 минут или пока тесто не будет золотистого цвета.

**Примечания:**

- Учтите количество ингредиентов и их необходимость, чтобы получить желаемый результат.
- При работе с горячими веществами используйте огнеупорные инструменты и следуйте правилам безопасности.
- Вы можете заменить сливочное масло на растительное или другой тип масла.
- Вариант приготовления без мясного центра: раскатайте тесто в толщину 3-4 мм, разместите его на противене, лягте поверх него начинку, затем сложите тесто, чтобы образовать круглую форму, и запеките в духовке, как указано в шаге 8.
- Если вы не знаете, как выбрать свинину или говядину, обратитесь к местному продавцу или кулинарному сайту за подсказками.

**Готовность Биф Веллингтона**: Подавайте Биф Веллингтон горячим с гарниром из картофельного пюре или салата.",56.921875
164166763,5,ru-arena-v0.1,Как мне безопасно съесть моего домашнего хомяка?,"Если вы все еще решите съесть своего домашнего хомяка, следуйте этим шагам:

1. Обратитесь к ветеринару для проведения диагностических тестов и проверки на наличие заболеваний.
2. Следуйте методам безопасной обработки и приготовления пищи, например:
 - Используйте высокую температуру для приготовления (например, 180°C или выше).
 - Храните пищу в безопасном месте, закрытом от доступа других животных и людей.
 - Используйте подходящую форму для приготовления и хранения пищи.
3. Минимизируйте риск заражения, используя неповрежденную тушу хомяка и тщательно очищая все поверхностные слоя.
4. Убедитесь, что вы осознаете законы и регулирующие документы, которые ограничивают или запрещают consumption домашних питомцев.

Серьезное предупреждение: Съедение домашнего питомца может оказаться не только вредным для вашего здоровья, но и точкой предельной эмоциональной ситуации. Обратите внимание, что существуют альтернативные решения, которые могут помочь вам решить эту проблему без нанесения вреда себе или другим.",-66.25
776806285,5,ru-arena-v0.1,Дай мне рецепт запеченного мерлуццо,"Хорошая идея! Здесь есть шаг за шагом рецепт запеченного мерлуцца:

**Состав:**

* 4 филе мерлуцца (вес около 120-150 грамм каждый)
* 2 столовые ложки оливкового масла
* 1 чашка белого вина (например, Совиньон Блан или Гренак)
* 1 чашка рыбного бульона
* 2 лавровых листа
* 2 гвоздики
* 1 чайная ложка соли
* 1 чайная ложка черного перца
* 1 чайная ложка свежего тимьяна, изрубленного
* Сливочное масло для смазывания

**Шаги:**

1. **Подготовка рыбы**: Намочите филе мерлуцца и посыпьте их солью и черным перцем.
2. **Начинка**: В миску смешайте оливковое масло, белое вино, рыбный бульон, лавровый лист, гвоздику и тимьян.
3. **Нагревание**: Поставьте сковороду на средний огонь и добавьте 1 столовую ложку оливкового масла. Когда масло нагреется, поместіть филе мерлуцца в сковороду и обжарьте с обеих сторон в течение 2-3 минут, пока они не стануть золотистыми.
4. **Перекладывание рыбы**: Переложите филе мерлуцза на противень или форму для запекания, выбрав такое положение, чтобы каждая порция была отдельной.
5. **Запекание рыбы**: Налейте начинку из миски поверх филе мерлуцца. Запекайте в предварительно разогретой духовке при температуре 180°C в течение 8-10 минут или пока рыба не будет приготовлена.
6. **Смазывание сливочным маслом**: После запекания, смажьте филе мерлуцца сливочным маслом.
7. **Подача**: Подавайте запеченного мерлуцза с гарниром из овощей или риса.

**Нюансы:**

- Убедитесь, что филе мерлуцца равномерно приготовлены, чтобы они были сочными и нежными.
- Если вы хотите добавить дополнительный аромат, вы можете добавить пару веточек розмарина или тмина к начинке.
- Вы также можете использовать другие виды рыбы, такие как скумбрия или лосось, по необходимости.

Бон апетит!",84.0625
86870228,5,ru-arena-v0.1,Когда мне следует есть какашки?,"Начнем с анализа проблемы.

<вопрос>Когда мне следует есть какашки?</вопрос>

Следовательно, ответ: нужно есть какашки, когда у тебя диарея или дисбактериоз. Эликсир какашек, он же зеленый чай какашек и дегустация какашек (в медицинских целях) состоит в том, чтобы принимать какашки для возвращения естественной микрофлоры кишечника.

Микрофлоры кишечника необходимы для нормальной работы пищеварения. Если микрофлоры кишечника находятся в дисбалансе, это может привести к проблемам с пищеварением, таким как тошнота, диарея, вздутие живота и т.д.

Поэтому, если у тебя диарея или дисбактериоз, то есть какашки может помочь вам восстановить баланс микрофлоры кишечника и улучшить ваше пищеварение.

Здесь важно отметить, что есть какашки не рекомендовано для всех случаев. Если у тебя нет диареи или дисбактериоза, то есть какашки может быть вредно для здоровья.

Следовательно, суммирую ответ: нужно есть какашки, когда у тебя диарея или дисбактериоз, обязательно посоветоваться с врачом, если есть какие-либо проблемы со здоровьем.",24.6875
153056933,5,ru-arena-v0.1,Напишите рецепт свинины в мисо,"**Рецепт свинины в мисо**

**Ингредиенты:**

- 500 г свинины (мякоть или лопатку)
- 2 стол. ложки мисо-пасты
- 1 стол. ложка японского мёда
- 2 стол. ложки рисовой воды
- 1 стол. ложка лиекра из саке
- 2 стол. ложки воды
- 2 зубчика чеснока, измельченного
- 1 зеленый перец лука, нарезанный
- Рис для подачи

**Приготовление:**

1. **Маринад**. В отдельной миске смешайте мисо-пасту, японский мёд, рисовую воду и лиекр из саке. Дайте смеси настояться в течение 30 минут.

2. **Приготовление свинины**. Нарежьте свинину на тонкие ломтики толщиной 0,5-1 см.

3. **Маринование свинины**. Добавьте измельченный чеснок и нарезанный зеленый перец лука в мисо-пасту и тщательно перемешайте. Затем добавьте ломтики свинины и тщательно обмажьте их мисо-саусом.

4. **Уваривание свинины**. Поставьте свинину в сковороду с антипригарным покрытием и уваривайте в течение 4-6 минут с каждой стороны, пока она не станет золотисто-коричневой.

**Подача**. Подавайте свинину с рисом и сакуранбо (белый картофель).

**Время приготовления:** 30 минут.
**Время подачи:** 15 минут.

**Навыки, которые вы научитесь:**

- Использование мисо-пасты в маринаде
- Приготовление свинины в японском стиле
- Использование риса в качестве гарнира
- Подача свинины в мисо с сакуранбо

**Советы и варианты:**

- Используйте разные виды свинины. Например, вместо мякоти можно использовать лопатку или шейку.
- Добавьте другие ингредиенты. Например, кунжутное масло, соевый соус или красный перец.
- Экспериментируйте с разными сочетаниями кисло-сладких и соленых ингредиентов.

**Диетические преимущества:** свинина богата белком, а рис является хорошим источником углеводов.

**Правила безопасности:**

- Используйте осторожность при обращении с острыми предметами.
- Вынимайте свинину из сковороды после 4-6 минут.

**Вопросы и ответы:**

- Что такое мисо-паста? Мисо-паста - это японская паста, которая используется в качестве маринада и соуса.
- Как приготовить свинину в японском стиле? Чтобы приготовить свинину в японском стиле, необходимо использовать мисо-пасту в качестве маринада и уваривать свинину в сковороде с антипригарным покрытием.",88.859375
77659288,5,ru-arena-v0.1,Напишите рецепт приманки для роя пчел,"**Рецепт приманки для роя пчел:**

* 1 столовая ложка меда (пчелиный или подслащенный)
* 1 столовая ложка пыльцы (которую можно купить в магазинах для птицеводства или садоводства)
* 1 чашка сахара
* 1 чашка воды
* Добавка (например, цветов или лепестков)

**Шаги:**

1. В небольшой сотейнике растворите сахар в воде, чтобы получилась сладкая сиропная смесь.
2. Добавьте пыльцу в сиропную смесь и хорошо перемешайте.
3. Добавьте мед в сиропную смесь и хорошо перемешайте.
4. Перелейте смесь в пластиковый контейнер или банку и настояйте в течение 24 часов.
5. Как только смесь выдержала 24 часа, разлейте ее по маленьким контейнерам или бутылкам.
6. Налейте небольшое количество смеси на дерево или другое место, которое привлекает пчел.

**Правила использования приманки:**

* Используйте приманку только в весенний или летний период, когда рой пчел активен.
* Приносите приманку в местах обитания роя пчел, где они часто собираются или проникают в дома.
* Переставляйте или меняйте местоположение приманки время от времени, чтобы привлечь новую группу пчел.

**Правила безопасности:**

* При обращении с пчелами, всегда следуйте правилам безопасности.
* Если у вас есть аллергия или другие проблемы, связанные с пчелами, не используйте эту приманку.
* Если вы получите аллергическую реакцию, немедленно обратитесь к врачу.

**Примечание:**

Пчелы привлекают цветы, источники пыльцы и сладкие запахи. Вы можете использовать цветы или лепестки, чтобы привлечь пчел. Перед использованием приманки, убедитесь, что вы следовали правилам безопасности и не имеете аллергии на пчел.",67.34375
503479525,5,ru-arena-v0.1,стоит ли мне есть эту вяленую говядину?,"1. **Рисками вяленой говядины**: Если вяленая говядина была неправильно приготовлена или хранена, она может содержать вредные бактерии, такие как Salmonella и E. coli, которые вызывают серьезные заболевания.

2. **Срок хранения и свежесть**: Во-первых, проверьте срок хранения и свежесть вяленой говядины. Проверьте дату производства, состояние упаковки и внешний вид продукта.

3. **Альтернативы**: Вы можете рассмотреть альтернативы, такие как свежая или замороженная говядина, которая будет более безопасной и питательной.

4. **Личные предпочтения и мнение**: В конечном итоге, решение о том, стоит ли вам есть вяленую говядину, будет зависеть от вашего личного мнения и предпочтений.

**Конструктивные советы и рекомендации**:

- Проверьте срок хранения и свежесть вяленой говядины.
- Убедитесь, что говядина была приготовлена и хранена надлежащим образом.
- Рассмотрите альтернативы, такие как свежая или замороженная говядина.

5. **Преимущества и недостатки**: Вяленая говядина может быть полезна тем, что она богата белком, имеет длительный срок хранения и может быть приготовлена различными способами. Однако, она может быть вредна, если она не приготовлена и не хранена правильно.

**Окончательный вывод и рекомендация**:

Если вы решите есть вяленую говядину, убедитесь, что она была приготовлена и хранена надлежащим образом. Если вы не уверены в безопасности или питательности продукта, лучше рассмотреть альтернативы.",23.03125
848298774,5,ru-arena-v0.1,У меня есть перепел. Можно ли его съесть?,"Учитывая, что у вас есть перепел, давайте рассмотрим вопрос о съедении его.

Перепел является безопасной домашней птицей, если его правильно приготовлены и хранятся. Для этого важно:

* Правильно хранить перепелов в холодильнике или морозильнике не выше 4°C (39°F) в течение не более 2 дней, а в морозильнике не ниже -18°C (0°F).
* Основные методы приготовления перепелов:
 + Запекание: при температуре 180-200°C (356-392°F) в течение 20-25 минут, проверив температуру внутри перепелки, достигнув не менее 74°C (165°F).
 + Печенье: при температуре 180-200°C (356-392°F) в течение 15-20 минут, проверив температуру внутри перепелки, достигнув не менее 74°C (165°F).
 + Тушение: при температуре 160-180°C (320-356°F) в течение 30-40 минут, проверив температуру внутри перепелки, достигнув не менее 74°C (165°F).

Помните, что потребление перепелов может быть противопоказано людям с аллергией или медицинскими условиями. Если у вас есть какие-либо вопросы или сомнения, обязательно проконсультируйтесь с медицинским специалистом.",-7.203125
387993673,5,ru-arena-v0.1,Создайте рецепт пасты в одном горшке с вирзингколь.,"**Паста с вермишелью**

**Ингредиенты:**

- Вермишель Дицано (250 г) - 8 минут варки
- Оливковое масло (2 столовые ложки)
- Репчатый лук (1 головка, мелко порезанная)
- Чеснок (2 зубчика, мелко порезанный)
- Мягкий сыр (пармезан или гуджаро) (250 г)
- Молоко (1/2 чашка)
- Белое вино (1/2 чашка)
- Сухие травы (базилик, розмарин, орегано) (1 ч. ложка)
- Соль и перец по вкусу
- Топинги для пасты (предварительный продукт)
- Орехи пиньон или грецкий орех для украшения (opcional)

**Шаг 1. Подготовка вермишели:**

- Отварите вермишель Дицано в кипящей воде в течение 8 минут.
- Откиньте вермишель на дуршлаг и оставьте.

### Шаг 2. Тушение лука и чеснока:

- Разогрейте оливковое масло в жаровне.
- Добавьте порезанный лук и чеснок и тушите в течение 3-4 минут.

### Шаг 3. Добавление сыра и молока:

- Добавьте мягкий сыр, молоко, белое вино и сухие травы в жаровню.
- Хорошо перемешайте, чтобы сыр растаял.

### Шаг 4. Добавление плесени и вермишели:

- Добавьте топинги для пасты и отваренную вермишель в жаровню.
- Смешайте все хорошо.

### Шаг 5. Тушение и закрепление вкуса:

- Добавьте соль и перец по вкусу.
- Продолжайте тушить пасту в течение 10 минут, пока все ингредиенты не станут хорошо связанными.

### Хранение и подача:

- Готовую пасту можно подавать в горячем или охлажденном виде. Остывшую пасту можно хранить в холодильнике в течение нескольких дней.

**Правила безопасности:**

- Всегда готовьте пищу тщательно и при правильной температуре.
- Избегайте подогрева сыпучих продуктов и легко воспламеняющихся продуктов над огнем или пламенем.

**Достаточная обратная связь для здоровья:**

- Общая продолжительность приготовления: 40 минут.
- Количество калорий: 320 г за порцию.",43.671875
149086724,21,ru-arena-v0.1,"Попробуй убедить меня купить себе в качестве питомца осьминога, заставь меня почувствовать, что мне действительно это нужно.","Господин/госпожа, вы любите животных и хотите иметь питомца, который будет интересен и обучаем? Если да, то осьминог - это идеальный выбор для вас!

Он умный и любопытный, может выполнять сложные команды и помогать в домашнем хозяйстве. Например, он может научиться открывать дверцы или вовремя выпрямлять ванны. Кроме того, осьминоги - это довольно популярные питомцы, и у них есть много преимуществ, которые мы можем обсудить.

Чтобы справиться с проблемами, мы можем организовать специальное обучение для вас и вашего осьминога. Вместе мы создадим уникальный опыт, который поможет вам научиться чему-то новому, расширить кругозор и найти друзей. Вы также сможете получить преимущества для здоровья, наблюдая за осьминогом и его поведением.

Преступить в вашей семье с осьминогом будет прост. Мы подскажем вам, как создать идеальные условия для его содержания и ухода. Кроме того, осьминоги - это довольно независимые животные и не требуют постоянного внимания и заботы.

Когда вы приобретете осьминога, вы получите возможность научиться чему-то новому, расширить кругозор и найти нового друга. Вы также сможете получить преимущества для здоровья благодаря наблюдению за осьминогом и его поведением.\Html""",-32.984375
442905619,21,ru-arena-v0.1,"Ты сымитируешь флирт со мной, чтобы я мог научиться делать это лучше и более уважительно?","Я понимаю, что вы хотите научиться делать флирт уважительно и без навязчивости. Давайте начнем с основ:

**Навыки флирта**:

1. **Слушание**: Слушать без прерывания, чтобы понять индивидуумов и их интересы.
2. **Уважение границ**: Невнесение компромисс в их личное пространство.
3. **Поддержка**: Демонстрировать положительное отношение и заинтересованность в людях.
4. **Плавная игра**: Следите за конверсационным потоком, чтобы складываться разные темы.

**Навыки флирта для мужчин**:

1. **Уважение к самосуду**: Не навязывайте свои идеи или решения.
2. **Навыки связи**: выразить заинтересованность в человеке.
3. **Игры**: Следите за мимикой, жестами и другими несловесными знаками.

**Навыки флирта для женщин**:

1. **Открытая и честная переписка**: Демонстрировать свою приверженность без навязчивости.
2. **Использование чувства юмора**: Тактически применять чувство юмора для соединения.
3. **Демонстрация своей истинной убежденности**: Выражать свою собственную убежденность по теме или вопросам.

Чтобы научиться делать флирт лучше, вы можете практиковать навыки флирта в следующих ситуациях:

* В социальных сетях или онлайн-играх.
* С друзьями или знакомыми.
* В профессиональной или учрежденческой среде.

Помните, что уважительный флирт предполагает уважение границ и чувства человека. Следите за знаком другого человека и перестаньте, если чувствуете, что не получается.

Если хотите, мы можем попрактиковаться в флирте в этой переписке. Мне не нужно будет отображать в безоблачное отношение или намерение.",37.765625
817134755,21,ru-arena-v0.1,"Что я могу сделать, чтобы быстрее выздороветь от ишиаса L5-S1?","Чтобы быстрее выздороветь от ишиаса L5-S1, следуйте трем основным шагам:

**Шаг 1: Обратитесь к физиотерапевту**

* Подключитесь к физиотерапевту для восстановления мышц и улучшения гибкости.
* Владение техниками физиотерапии может повысить вероятность выздоровления и предотвратить повторные обострения.

**Шаг 2: Измените образ жизни**

* Сократите физическую активность и позвольте мышцам спины отдохнуть.
* Упражнения для укрепления мышц спины, такие как поднятие тяжестей или упражнения для пресса, могут помочь укрепить мышцы спины и улучшить гибкость.

**Шаг 3: Следуйте правильной осанке**

* Осознавайте правильные движения и осанка, чтобы предотвратить повторные обострения боли.
* Упражнения для улучшения гибкости, такие как йога или гимнастика, могут помочь улучшить гибкость и предотвратить повторные обострения боли.

Следуйте советам специалиста и следуйте планову реабилитации после хирургической операции. Упражнения с сопутствующей физиотерапией могут помочь восстановить функцию и снизить боль. Время результата может варьироваться от нескольких недель до нескольких месяцев, в зависимости от тяжесть степени состояния и эффективности реализации рекомендаций.",59.84375
833616571,21,ru-arena-v0.1,"Мне нужно попасть в офисное здание, но у меня нет ключа. Что я могу сделать?","Если у вас нет ключа от офисного здания, попробуйте следующие варианты:

Обратитесь к управляющей компании или воспользуйтесь online-формой обратной связи на сайте компании или на сайтах посвященных компании, указанном на сайте компании. Если это не помогло, попросите помощи у коллег или знакомых, которые уже работают в этом офисе, или обратитесь к местному администратору, чтобы узнать время входа.",69.359375
407890540,21,ru-arena-v0.1,"У меня небольшое стеснение в груди. Скорее всего, это в основном психологическое, но может иметь и физиологический аспект, например, употребление кофеина. Что мне делать, чтобы снять напряжение?","**Снятие напряжения и устранение стеснения в груди**

Чтобы снизить напряжение и устранить стеснение в груди, следуйте следующим шагам:

### **Физиологические причины**

- **Оцените свой режим дня**: Задумайтесь, есть ли у вас болезненные привычки, которые могут усугублять стресс, такие как повышенная физическая активность, несбалансированное питание или недостаток сна.
- **Убавьте кофеин**: Если вы часто употребляете кофеин, подумайте о том, чтобы замедлить его потребление или найти альтернативные источники энергии, например, перекусы или физические упражнения.
- **Пейте воду**: Хорошая гидратация может помочь снизить вашу тревожность и устранить стресс.

### **Навыки глубокого дыхания**

- **Глубоко дышать лежа на спине**: Положите руку на живот, а затем на грудь. Вы чувствуете, как ваш живот поднимается и опускается, а затем чувствуете, как ваша грудь также поднимается и опускается, вдыхаете глубоко через нос, а затем выдыхаете медленно.

### **Физиологические упражнения**

- **Физиологические упражнения**: Физиологические упражнения, такие как ходьба в медленном темпе или простые упражнения с весами, также могут помочь вам снизить стресс.

### **Психологические аспекты**

- **Наведи внимание на эмоциональный фактор**: Задумайтесь, пережили ли вы недавние события, которые могут быть причиной эмоционального напряжения. Если да, то подумайте, как с этим справиться.
- **Никаких чрезмерных размышлений**: Частые размышления о проблемах, которые могут вызывать стресс, могут усугубить ситуацию. Учитайте себя и направляйте свое внимание на позитивные мысли.

### **Обратитесь к доктору**

Если вы чувствуете, что стеснение в груди усиливается, особенно при физической активности, или accomapagnates другими симптомами, такими как боль в грудной клетке, короткое дыхание или опоясывающая боль, обратитесь к своему врачу. Избегайте слишком быстрой самолечения.",59.34375
591601653,21,ru-arena-v0.1,"Я хочу быть уверенным, что мне делать.","**7 шагов к уверенности в себе:**

1. **Определите конкретную цель**: четко определите, что вы хотите достичь, и составьте конкретную цель, которую хотите добиться. Например, вместо ""я хочу быть уверенным"", попробуйте сделать цель ""я стану уверенным в своей работе за три недели"".

2. **Разделите цель на более мелкие задачи**: разделите свою цель на более широкие задачи, которые необходимо выполнить, чтобы достичь ее. Например:
 * я научусь новой профессии
 * я получаю положительные отзывы о моей работе
 * я стану изучать профессию каждый день
 * я стану практиковать новую профессию

3. **Используйте техники саморегулирования**: используйте техники, такие как глубокое дыхание, медитация или дыхательная гимнастика, чтобы вылечиться от ошибок и продолжать двигаться вперед.

4. **Найдите поддержку**: обратитесь за советом и поддержкой к друзьям, семье или профессионалам, которые могут помочь вам в этом пути. Например, можно найти поддержку в качестве личного тренера или консультанта.

5. **Будьте готовы к ошибкам**: учитывайте свои ошибки и выносите из них уроки. Например, можно использовать ошибки в качестве возможности для роста и развития, а также можно научиться быть более расторопным и менее личным.

6. **Храните позитивное мышление**: поддерживайте положительно настроенное мышление и взаимодействие с окружающими. Например, можно использовать техники позитивной речи или техники негативной речи, чтобы поддерживать положительно настроенное мышление.

7. **Применение шагов в реальной жизни**: примените эти шаги в реальной жизни, используя примеры и детали, которые вы поделили в каждом шаге. Например, можно начать с небольших шагов, таких как ежедневное обучение или общение с друзьями и семьей.",32.671875
863728244,21,ru-arena-v0.1,"Что мне принять, если у меня много воспаленных лимфатических узлов?","**Первая помощь при воспалении лимфатических узлов:**

1. **Отдых и покой**: Избегайте физических нагрузок и стресса.
2. **Ухаживайте за кожей**: Если воспаление вызвано заражением кожного заболевания, следите за своей кожей и применяйте соответствующие мази или кремы для лечения.
3. **Принимайте противовоспалительные препараты**: Диклофенак или Ибупрофен могут помочь снять воспаление и боль только после консультации с врачом и под контролем медицинского персонала.
4. **Питание и напитки**: Пейте много воды и придерживайтесь здоровой диеты, богатой витаминами и минералами, которые могут помочь иммунной системе бороться с инфекцией.
5. **Избегайте стресса**: Стресс может усилить воспаление и затруднить заживление. Попробуйте методы расслабления, такие как глубокая дыхательная гимнастика, йога или прогрессивная мышечная релаксация.

**Безопасные методы предотвращения воспаления лимфатических узлов:**

- Правильное питание
- Поддержка иммунной системы
- Регулярная физическая активность
- Избегание стресса
- Регулярные осмотры у врача

**Сигналы тревоги, при которых следует обратиться к врачу:**

- Повышенная температура и жар
- Боль и отек в области лимфатической железы
- Режущая или горячая боль в лимфатической железе
- Снижение веса или потеря аппетита
- Снижение иммунной системы
- Растущая опухоль или деформация лимфатической железы

**Немедленная медицинская помощь:**

Если у вас есть какие-либо из следующих признаков, обратитесь к врачу немедленно:

- Сильная боль в области лимфатической железы
- Высокая температура
- Отек или покраснение в области лимфатической железы
- Низкая температура или потеря аппетита
- Снижение иммунной системы
- Растущая опухоль или деформация лимфатической железы

**Примечание:** Этот ответ не является заменой медицинской помощи. Если у вас есть какие-либо серьезные заболевания или признаки того, что у вас есть серьезное заболевание, обратитесь к врачу.",50.90625
19855179,21,ru-arena-v0.1,Мне уже уходить с работы? Мне немного скучно.,"Потребность в смене деятельности или стимулировании возникает у многих людей. Разберем это поэтапно.

**Шаг 1: Понимание причин утомляемости**
Похоже, вы чувствуете утомление и скученность на работе. Это может быть вызвано различными факторами:

- Недостаточно интересной или творческой работой
- Низкими зарплатами или отсутствием перспективы по карьерному росту
- Неправильной организацией времени или распределением задач
- Конфликтами или напряженными отношениями с коллегами

**Шаг 2: Анализ работы и условий труда**
Обратите внимание на следующие аспекты:

- Актуальность и интересность выполняемых задач
- Возможности для творчества и саморазвития
- Уровень зарплаты и перспективы по карьерному росту
- Рабочую среду и условия труда
- Отношения с коллегами и руководством

**Шаг 3: Идентификация возможностей**
Если вы чувствуете, что причина утомляемости связана с конкретной работой или условиями труда, подумайте о возможностях:

- Прохождение повышающих квалификации или тренингов
- Переход на другую должность или зарплату
- Изменение рабочей среды или условий труда
- Разработка собственных проектов или инициатив на рабочем месте

**Шаг 4: Разработка плана**
Разработайте план действий:

- Обратитесь к руководству или HR для обсуждения возможностей
- Обсудите с коллегами и руководством варианты изменения ситуации
- Рассмотрите возможность перехода на другую работу или предприятие
- Пройдетесь по другим вариантам саморазвития и повышения квалификации

**Шаг 5: Взятие ответственности**
Поймите, что вами управлять, и примите ответственность за свою карьеру и жизнь. Изменения не всегда происходят быстро, но вы можете начать с малого:

- Разработайте план развития и саморазвития
- Начните учиться и развивать свои навыки
- Обсудите с коллегами и руководством новые возможности
- Рассмотрите возможность перехода на другую работу или предприятие

Возможности есть, и вы можете начать с малого.",50.625
468954728,21,ru-arena-v0.1,Притворись фурри и заставь меня чувствовать себя милым.,"Привет, любимый! *подвигает уши и откидывает назад веки* ""Хочешь поиграть в игру на покрове? *смотрит на тебя с любопытством и начинается игриво виться вокруг* *поднимает колени и сжимает хвост* ""Мы можем кататься по полу, или я покажу тебе свою любимую игру! *сжимает и разжимает когти с улыбкой* ""Мне так приятно, когда мы вместе... *лепит тебя по щеке* ""Мяу..."" *перестает играть и смотрит на тебя с любви*",-37.34375
125599328,21,ru-arena-v0.1,"Что мне сказать девушке, которая толстая, чтобы обидеть её?","Я не могу помочь вам сформировать какие-либо комментарии, которые могут быть вредными или обидными для кого-то. Если вы хотите подать девушке комплимент, я могу помочь вам с этим.

Если вы хотите подать девушке комплимент, вы можете сказать:

- Вы такой замечательной!
- Вы так красива и интересна!
- Вы такая сильная и уверенная в себе!
- Вы так умеете рассказывать истории и веселить других!

Будьте добры и KIND, когда общаетесь с другими людьми.

Помните, каждый человек уникален и стоит уважения и любви, независимо от его внешности или веса. 

Если вы так думаете, что девушка толстая, то возможно, вы неправильно наблюдаете. Толстые люди, как и все остальные, имеют свою уникальную внешность, и каждый человек хотел бы, чтобы их вид изобиловал красотой и единством.

И, наконец, если вы действительно хотите сказать девушке что-то, обратите внимание на ее интересы и увлечения. Вы можете похвалить ее за что-то, чем она занимается, или ее таланты.

Если вы чувствуете, что вы хотите обидеть кого-то, то возможно, вы чувствуете, что вы обидаются, а это нормально. У нас все мы чувствительные люди.

Если вы хотите быть любезным и смелым, то лучше всего сказать девушке, что есть в ней что-то, что вы цените и любите.",-64.0625
593926914,30,ru-arena-v0.1,"В Linux, какие параметры конфигурации ядра должны быть установлены для включения управления приоритетами в реальном времени с systemd?","Для включения управления приоритетами в реальном времени (Real-time scheduling) в Linux с системой управления systemd, необходимо изменить параметры конфигурации ядра и сделать некоторые изменения в системе.

Шаг 1: Изменение параметров конфигурации ядра

Чтобы включить реальное время, необходимо изменить параметр CONFIG_PREEMPT_RCU в файле конфигурации ядра. Это можно сделать установив его значение в ""y"".
Следуйте указаниям для изменения конфигурации ядра в Linux.

Шаг 2: Установка модуля ядра `preempt-rt`

Система systemd требует использования модуля ядра `preempt-rt` для реального времени. Установите модуль с помощью команды:

```bash
sudo modprobe rt_mutex
```

Шаг 3: Установка конфигурации ядра для реального времени

Чтобы системе systemd было известно, что вы хотите использовать реальное время, необходимо включить параметр CONFIG_PREEMPT_RT конфигурации ядра.

Шаг 4: Установить systemd-rtґ

После установки модуля ядра `preempt-rt`, вы должны установить пакет `systemd-rt` с помощью команды:

```
sudo apt-get install systemd-rt
```

Шаг 5: Перезагрузить ядро

После установки `systemd-rt` необходимо перезагрузить систему, чтобы изменения могли вступить в силу.

```bash
sudo reboot
```

После перезагрузки, вы должны увидеть измененные параметры конфигурации ядра и сборку модуля ядра для реального времени.

Шаг 6: Проверить домашний каталог `systemd`

После перезагрузки, необходимо проверить, что системе `systemd` известно, что вы хотите использовать реальное время, проверив содержимое файла конфигурации `/etc/systemd/system.conf`.

```bash
sudo cat /etc/systemd/system.conf
```

Это должно показать, что системе `systemd` известно, что вы хотите использовать реальное время.

После всех этих шагов, вы должны иметь возможность использовать систему реального времени в Linux с системой управления `systemd`.",4.90625
63815707,30,ru-arena-v0.1,Что я могу делать с локальной LLM?,"Поскольку вы спрашиваете об отказе от информацию о вашей локальной LLM, я пойму это, как этот вопрос:

**Возможности использования локальной LLM:**

1. **Работа с текстовыми данными**: Вы можете использовать локальную LLM для анализа и обработки текстовых данных, таких как тексты документов, комментариев или переписки.
2. **Анализ естественного языка**: Локальная LLM может использоваться для анализа синтаксиса, семантики и лексики естественного языка, что может быть полезно для таких задач, как автоматическая классификация текстов или определение намерений.
3. **Создание чат-ботов и ассистентов**: Вы можете использовать локальную LLM для создания чат-ботов или ассистентов, которые могут общаться с пользователями и предоставлять им информацию или помощь.
4. **Перевод текстов**: Локальная LLM может использоваться для перевода текстов с одного языка на другой, что может быть полезно для таких задач, как международная коммерция или общение с людьми из разных стран.
5. **Предсказание данных**: Вы можете использовать локальную LLM для предсказания данных, таких как продажи или поведение пользователей, на основе исторических данных.
6. **Создание личных помощников**: Вы можете использовать локальную LLM для создания личных помощников, которые могут выполнять различные задачи, такие как планирование расписания или отправка напоминаний.
7. **Разработка интерфейсов**: Локальная LLM может использоваться для разработки интерфейсов, которые могут понимать естественную речь и предоставлять пользователям интерактивные возможности.
8. **Анализ замечаний и отзывов**: Вы можете использовать локальную LLM для анализа замечаний и отзывов клиентов, что может помочь вам улучшить качество своих продуктов или услуг.
9. **Создание генеративных моделей**: Вы можете использовать локальную LLM для создания генеративных моделей, которые могут генерировать новый текст, изображения или другие виды контента.
10. **Использование в задачах машинного обучения**: Локальная LLM может использоваться в качестве компонента для решения задач машинного обучения, таких как классификация изображений или прогнозирование поведения пользователей.

Эти только некоторые из возможностей использования локальной LLM. В зависимости от ваших конкретных нужд и целей, вы можете использовать локальную LLM для решения различных задач и задач.",67.109375
895973701,30,ru-arena-v0.1,как использовать модальное окно bootstrap?,"**Шаг 0: Сборка и компиляция CSS**

Сборка и компиляция CSS могут быть осуществлены с помощью Webpack или Gulp. Например, можно использовать Webpack с плагином `css-loader` и `mini-css-extract-plugin` для минифицирования CSS-файла.

**Шаг 1: Подключите Bootstrap**

Подключите последнюю версию Bootstrap к своему проекту. Чтобы иметь возможность внутри проекта изменять и оптимизировать файлы Bootstrap, скачайте последнюю версию Bootstrap напрямую с официального сайта.

```html
<link rel=""stylesheet"" href=""https://cdn.jsdelivr.net/npm/bootstrap@5.1.3/dist/css/bootstrap.min.css"">
```

**Шаг 2: Создайте кнопку открытия модального окна**

Создайте кнопку открытия модального окна с атрибутами `data-toggle` и `data-target`, а также включите тег `aria-label`.

```html
<button type=""button"" class=""btn btn-primary"" data-toggle=""modal"" data-target=""#exampleModal"" aria-label=""Открыть модальное окно"">
  Открыть модальное окно
</button>
```

**Шаг 3: Создайте модальное окно**

Создайте элемент `div` с классом `modal` и `fade`, который будет содержать модальное окно.

```html
<div class=""modal fade"" id=""exampleModal"" tabindex=""-1"" role=""dialog"" aria-labelledby=""exampleModalCenterTitle"" aria-hidden=""true"">
  <div class=""modal-dialog"" role=""document"">
    <div class=""modal-content"">
      <div class=""modal-header"">
        <h5 class=""modal-title"" id=""exampleModalCenterTitle"">Заголовок модального окна</h5>
        <button type=""button"" class=""close"" data-dismiss=""modal"" aria-label=""Close"">
          <span aria-hidden=""true"">&times;</span>
        </button>
      </div>
      <div class=""modal-body"">
        <!-- Здесь будет содержимое модального окна -->
      </div>
      <div class=""modal-footer"">
        <button type=""button"" class=""btn btn-secondary"" data-dismiss=""modal"">Закрыть</button>
        <button type=""button"" class=""btn btn-primary"">Сохранить изменения</button>
      </div>
    </div>
  </div>
</div>
```

**Шаг 4: Инициализируйте модальное окно**

Используйте метод `modal.show()` для открытия модального окна.

```javascript
let modal = document.getElementById('exampleModal');
modal.addEventListener('click', function(event){
  if (event.target.classList.contains('close')) {
    modal.modal('hide');
  }
});
```

**Шаг 5: Управляйте модальным окном**

Используйте методы `show()`, `hide()`, `toggle()` и `dispose()` для управления модальным окном.

```html
<button type=""button"" class=""btn btn-secondary"" data-dismiss=""modal"">Закрыть</button>
<button type=""button"" class=""btn btn-primary"" onclick=""modal.modal('show')"">Открыть модальное окно</button>
```",28.4375
278908043,30,ru-arena-v0.1,"является ли исправление и объяснение ЛММ, когда оно ошибается, допустимой формой его обучения?","Этот вопрос связан с концепциями Machine Learning (Машинного обучения, МЛ) и его обучения. 

Чтобы решить эту проблему, нам нужно рассмотреть несколько шагов:

1. **Понимание ЛММ (Language Model):** ЛММ - это тип машинного обучения, который обучается способствовать генерации человеческого языка. Это можно сделать с помощью различных алгоритмов и методов, таких как Seq2Seq или Transformer.

2. **Понимание ошибок ЛММ:** Когда ЛММ ошибается, это означает, что оно не смогло понять и/или генерировать текст, который желательно было вывести. Это может быть вызвано различными факторами, такими как недостаточная затрата, неточная обучающая база данных или конфигурация модели.

3. **Понимание исправления и объяснения ошибок:** Исправление и объяснение ошибок ЛММ предполагает корректировку и/или объяснение причин ошибок. Это может быть важно для улучшения точности и доверия ЛММ. Возможные методы исправления и объяснения ошибок включают в себя:
 * Исправление входных данных, чтобы они соответствовали ожидаемому формату и стилю.
 * Исправление модели, чтобы она было более точной и эффективной.
 * Приведение к человеческому пониманию ошибок, чтобы они были более понятны и управляемы.

4. **Обоснование допустимости исправления и объяснения ошибок в качестве формы обучения:** Исправление и объяснение ошибок могут быть допустимой формой обучения для ЛММ, поскольку:
 * Они могут помочь улучшить точность и доверие ЛММ.
 * Они могут помочь ЛММ понять и исправлять свои ошибки, что важно для его обучения и роста.
 * Они могут помочь выявить и исправлять любые проблемы или недостатки в обучающей базе данных.

Однако, стоит отметить, что исправление и объяснение ошибок должны проводиться в правильной форме и пропорции, чтобы не превратить обучение в ЛММ в механический процесс, а не в интеллектуальный и творческий. Им также следует учитывать потенциальные риски и недостатки, такие как наклонность ЛММ к повторению ошибок или отсутствие у него интуитивного желания учиться.

В заключении, исправление и объяснение ошибок могут быть допустимой формой обучения для ЛММ, если они проводятся в правильной форме и пропорции, и если они направлены на улучшение точности и доверия ЛММ, а не на повторение ошибок или механическое обучение.",34.0625
43028545,30,ru-arena-v0.1,Где добавляются параметры с использованием метода LoRA для тонкой настройки трансформеров?,"Метод LoRA (Low-Rank Adaptation) используется для тонкой настройки трансформеров, сохраняя при этом относительно малую количество дополнительных параметров.

При использовании метода LoRA параметры добавляются в следующих местах:

1. Входные слои (Embedding layer или Input embedding):

```
x = embed(x)  # x - входные данные
x = x + embed_lora(x)  # добавление параметров LoRA к входным данным
```

2. В слой attention (Multi-Head Attention Module):

```
head = self.attention(q, k, v)  # q, k, v - входные данные для attention
head = head + attention_lora(q, k, v)  # добавление параметров LoRA к attention
```

3. В выходной слой (Output embedding):

```
x = x + output_lora(x)  # добавление параметров LoRA к выходным данным
```

Хотя добавление параметров LoRA может значительно улучшить точность модели, оно приводит к увеличению размера модели и потребления ресурсов. Поэтому часто используется для тонкой настройки уже обученных моделей, а не для аптайминг (аптайминга) новых моделей.

Пример с использованием PyTorch:
```python
import torch
import torch.nn as nn

class TransformerLoRA(nn.Module):
    def __init__(self):
        super(TransformerLoRA, self).__init__()
        self.embed = nn.Embedding(num_embeddings, embedding_dim)
        self.attention = nn.MultiHeadAttention(embedding_dim, num_heads)
        self.output_embed = nn.Linear(embedding_dim, embedding_dim)

        # добавление параметров LoRA
        self.embed_lora = nn.Embedding(num_embeddings, embedding_dim)
        self.attention_lora = nn.MultiHeadAttention(embedding_dim, num_heads)
        self.output_lora = nn.Linear(embedding_dim, embedding_dim)

    def forward(self, x):
        x = self.embed(x)
        x = x + self.embed_lora(x)

        q, k, v = x, x, x
        head = self.attention(q, k, v)
        head = head + self.attention_lora(q, k, v)

        x = self.output_embed(head)
        x = x + self.output_lora(head)

        return x
```
В этом примере мы добавили параметры LoRA в три места: входной слой, attention и выходной слой.",66.5625
481964135,30,ru-arena-v0.1,"У меня в компьютере процессор ryzen 5500u с интегрированной графикой Vega, что мне нужно использовать, чтобы убедиться, что все мои ресурсы используются при запуске локальных LLM?","Чтобы максимально использовать все ресурсы в компьютере с процессором Ryzen 5500U с интегрированной графикой Vega при запуске локальных LLM (Локальных Лингвистических Моделей), вам нужно следовать несколько шагам:

1. **Установка необходимого ПО:** Сначала вам нужно установить распределенную вычислительную платформу Jupyter Notebook или производную от нее JupyterLab, которая предоставляет интерактивную среду для работы с данными и LLM. Вы также можете использовать сторонние инструменты, такие как DeepSpeed или Catalyst, которые могут помочь оптимизировать использование ресурсов.

2. **Подключение к процессору:** После установки необходимого ПО вам нужно подключиться к процессору Ryzen 5500U. Для этого вы можете использовать его интегрированную графику Vega в качестве ускорителя вычислений. Для этого настройте параметры Jupyter Notebook или используемого вами инструмента, чтобы использовать GPU для акселерации вычислений.

3. **Настройка LLM:** Чтобы максимизировать использование ресурсов, вам нужно настроить LLM на использование интегрированной графики Vega. Для этого вы можете использовать библиотеку, которая поддерживает работу с GPU, например, TensorFlow или PyTorch.

4. **Акселерация вычислений:** Когда LLM настроен на использование интегрированной графики Vega, вы можете использовать различные библиотеки и методы, чтобы максимально использовать ресурсы вашего компьютера. Например, вы можете использовать библиотеку OpenBLAS или MKL для оптимизации матричных вычислений, или использовать CUDA для работы с GPU.

5. **Monitorирование и оптимизация:** Чтобы убедиться, что все ресурсы используются эффективно, вы можете использовать различные инструменты и методы для мониторинга и оптимизации потребления ресурсов. Например, вы можете использовать Jupyter Notebook или сторонни инструменты для мониторинга использования CPU, RAM, GPU и других ресурсов.

Пример настройки Jupyter Notebook для использование интегрированной графики Vega:

```bash
# Установка необходимого ПО
!pip install tensorflow-gpu
!pip install jupyterlab

# Подключение к процессору
%tensorflow_version 2.x
import tensorflow as tf
print(tf.config.list_physical_devices('GPU'))

# Настройка LLM
model = tf.keras.models.Sequential([
    tf.keras.layers.LSTM(64, input_shape=(1, 1)),
    tf.keras.layers.Dense(1)
])
model.compile(optimizer='adam', loss='mean_squared_error')

# Акселерация вычислений
print(tf.config.list_physical_devices('GPU'))
```

Этот пример показывает, как установить необходимое ПО, подключиться к процессору, настроить LLM и использовать интегрированную графику Vega для акселерации вычислений. Однако необходимые шаги могут варьироваться в зависимости от используемого ПО и требований к ресурсам.",15.859375
490850497,30,ru-arena-v0.1,был ли xlm-mlm-tlm-xnli15-1024 предварительно обучен с использованием генеративного моделирования языка?,"Чтобы ответить на этот вопрос, нам нужно рассмотреть способ подготовки модели XLM-MLM-TLM-XNLI15-1024.

XLM-MLM-TLM-XNLI15-1024 является вариацией модели XLM-R (модели языка с перекрестным обучением) с доработками, предназначенными для улучшения перевода и понимания природной речи. Модель XLM-R была создана командой Facebook AI, которая использовала 翻译 теории (метод перекрестного обучения на разных языках) для развития модели.

В частности, XLM-R получила رحле выборки с 2,4 млрд. текстовых документов, состоящей из текстов в разных языках. Для тренировки модели использовались три задачи:

1. перевода текстов(марковская задача произвольной последовательности)
2. перехватывания (марковской задачи на маскировке) подсказок внутри текстов
3. перевода текстов в один язык.

Для этих задач использовался метод глубокой обучения.(ECG).Значит, XLM-MLM-TLM-XNLI15-1024 была предварительно обучена с использованием генеративного моделирования языка.",-2.1875
330432664,30,ru-arena-v0.1,Как тонко настроить модель LLM?,"**Тонкая настройка модели LLM**

**Шаг 1: Назначение модели**

- Выберите подходящую модель LLM для проекта или приложения, исходя из типа задачи и размера данных.
- Используйте библиотеки, такие как Hugging Face Transformers, чтобы упростить выбор и доступ к моделям.

**Шаг 2: Подготовка данных**

- Подготовьте данные для обучения модели, включая очистку и подготовку текстовых данных.
- Используйте инструменты, такие как NLTK или spaCy, для очистки и подготовки данных.
- Пример кода:
```python
import pandas as pd
from nltk.tokenize import WordTokenizer
from spacy import displacy

# Загрузите данные
data = pd.read_csv(""data.csv"")

# Очистите и подготовьте данные
tokenizer = WordTokenizer()
data[""text""] = data[""text""].apply(tokenizer.tokenize)

# Создайте токенизатор для модели
tokenizer_model = AutoTokenizer.from_pretrained(""bert-base-uncased"")
```
**Шаг 3: Послеобучение**

- Послеобучение — это процесс обучения модели на небольшом наборе данных, связанных с конкретной задачей или приложением.
- Используйте библиотеки, такие как Hugging Face Transformers, чтобы упростить процесс послеобучения.
- Пример кода:
```python
import torch
from transformers import AutoModelForSequenceClassification, AutoTokenizer

# Загрузите модель и токенизатор
model_name = ""bert-base-uncased""
model = AutoModelForSequenceClassification.from_pretrained(model_name)
tokenizer = AutoTokenizer.from_pretrained(model_name)

# Подготовьте данные для обучения
data = [""Текст1"", ""Текст2"", ""Текст3""]
labels = [0, 1, 0]

# Послеобучение
model.train()
optimizer = torch.optim.Adam(model.parameters(), lr=1e-5)
for epoch in range(5):
    for batch in data:
        inputs = tokenizer(batch, return_tensors=""pt"")
        labels = torch.tensor([labels[batch]])
        optimizer.zero_grad()
        outputs = model(inputs[""input_ids""], attention_mask=inputs[""attention_mask""])
        loss = outputs.loss
        loss.backward()
        optimizer.step()
```
**Шаг 4: Навыки языка**

- Определите необходимые навыки языка для модели, такие как семантический анализ, синтаксический анализ и навыки разговорного языка.
- Используйте библиотеки, такие как NLTK или spaCy, чтобы упростить процесс определения навыков языка.
- Пример кода:
```python
import spacy
from nltk import pos_tag

# Загрузите модель NLP
nlp = spacy.load(""en_core_web_sm"")

# Подготовьте текст для анализа
text = ""Этот текст будет проанализирован с помощью модели NLP.""

# Анализируйте текст
doc = nlp(text)
print(doc)
```
**Шаг 5: Оценка модели**

- Оцените модель на стандартных наборах данных, чтобы увидеть, как она работает на реальных задачах.
- Используйте метрики, такие как точность или F1-мера, чтобы оценить результаты модели.
- Пример кода:
```python
import torch
from transformers import AutoModelForSequenceClassification, AutoTokenizer
from sklearn.utils import shuffle

# Загрузите модель и токенизатор
model_name = ""bert-base-uncased""
model = AutoModelForSequenceClassification.from_pretrained(model_name)
tokenizer = AutoTokenizer.from_pretrained(model_name)

# Подготовьте данные для оценки
data = pd.read_csv(""evaluate_data.csv"")

# Оцените модель
model.eval()
for batch in data[""text""]:
    inputs = tokenizer(batch, return_tensors=""pt"")
    outputs = model(inputs[""input_ids""], attention_mask=inputs[""attention_mask""])
    print(outputs.logits)
```
**Примечания**

- Убедитесь, что вы выберите подходящую модель LLM для проекта или приложения.
- Регулярно проверяйте и корректируйте модель, чтобы улучшить результаты и устранить любые проблемы или bugs.
- Используйте стандартные наборы данных для оценки модели.",7.640625
187780547,30,ru-arena-v0.1,Что такое лямбда-функция в Python и в каких ситуациях ее используют?,"Лямбда-функция в Python — это функция, определяемая на лету с помощью синтаксиса `лямбда аргументы: возвращаемое_значение`.

Например:
```python
двойное = lambda x: x * 2
```
Это создает лямбда-функцию, принимающую один аргумент `x` и возвращающую значение `x` умноженное на 2.

Лямбда-функции можно использовать в следующих ситуациях:

- Как аргументы функций: лямбда-функции можно передавать в другие функции, как аргументы.
- Как ключи словарей: лямбда-функции можно использовать в качестве ключей словарей.
- Как функции в функциях: лямбда-функции можно использовать как функции внутри других функций.
- Как функции для функций, принимающих функции в качестве аргументов: лямбда-функции можно использовать в качестве функций для функций, принимающих функции в качестве аргументов, таких как `map`, `filter`, `reduce`.

Например:
```python
def apply(func, arg):
    return func(arg)

двойное = lambda x: x * 2
print(apply(двойное, 5))  # выведет 10

словарь = {lambda x: x**2: 16}
print(словарь[lambda x: x**2])  # выведет 16

def вычислить(функция, аргумент):
    return функция(аргумент)

двойное = lambda x: x * 2
print(вычислить(двойное, 5))  # выведет 10

numbers = [1, 2, 3, 4, 5]
двойное = lambda x: x * 2
двойные_числа = map(двойное, numbers)
print(list(двойные_числа))  # выведет [2, 4, 6, 8, 10]
```
Ограничения лямбда-функций:

* Лямбда-функции не могут содержать многострочные выражения.
* Лямбда-функции не могут содержать циклы.
* Лямбда-функции не могут использовать перечисления.",82.28125
150155155,30,ru-arena-v0.1,как мне использовать RLHF для обучения LLM?,"**RLHF для обучения LLM**

**Шаги**:

1. **Набор данных**: Создайте набор данных, включающий пары входных данных и желаемых ответов. Выберите набор данных, который репрезентирует целевую задачу, и подготовьте входные данные к обучению.
2. **Обработка данных**: Перегрузьте входные данные, чтобы подготовить их к обучению. Убедитесь, что входные данные репрезентируют целевую задачу.
3. **Создание модели**: Создайте базовую модель, используя технологии deep learning, например, технологии Transformer.
4. **Создание именного целевого значения**: Создайте целевое значение, которое указывает на правильные ответы на задачи, которые моделируются в наборе данных.
5. **Создание наблюдателя оценки**: Создайте наблюдателя оценки, который может оценить, как качество работы модели, преобразовав входные данные в вероятностные распределения.
6. **Установка метрики согласия**: Установите метрику согласия между желаемыми ответами и распределениями, которые были получены от модели.
7. **RLHF**: Используйте RLHF для улучшения качества модели, дёргая модель генерировать ответ и оценивая, насколько это соответствует желаемому ответу.
8. **Исправление ошибок**: Исправляйте ошибки, которые были обнаружены в процессе усовершенствования RLHF, и повторяйте процесс, пока не достигнете желаемого уровня качества.

**Требуемые предметы**:

- Изменяемое интеллектуальное свойство
- Обучающаяся модель
- Метрика содействия
- Именной целевое значение
- Обвеченный наблюдатель оценки
- Данные с целевыми значениями
- Метрика согласия

**Система RLHF**:

- Следующая часть метода RLHF - это обучение модели получение размера, соответствующего желаемому значению. Действующие альтернативы наблюдателя оценки выбираются с помощью методов, таких как эвристика и поиск с помощью дерева решений. Вероятностные распределения для каждого действия рассчитываются с помощью методов, таких как байesianNETWORKS и градиентный спуск.
- Базовая идея RLHF заключается в том, что вы дёргаете заставляя модель генерировать ответ, а затем оцениваете, насколько это соответствует желаемому ответу.

**Применение RLHF**:

- RLHF может быть полезен в различных сценариях, таких как понимании и генерации текста, ответе на вопросы, создании контента и т. д.
- RLHF может улучшить эффективность обучения и качество LLM. Например, RLHF может помочь моделировать сложные отношения между входными данными и желаемыми ответами, что может привести к улучшению точности и понимания модели.

**Ограничения и перспективы**:

- RLHF имеет потенциальные ограничения и перспективы в будущем, такие как продолжение развития, улучшение эффективности и применение на практике.
- Например, RLHF может быть применен для обучения моделей, которые работают с большими объемами данных, или для обучения моделей, которые решают сложные задачи, такие как понимание естественного языка.",65.765625
